{
  "SDR": -45.51316006978353,
  "SI-SDR": -0.9809200887878736,
  "SIR": -43.97420658501186,
  "SAR": -47.406807994180454,
  "training_losses": [
    9.963521003723145,
    3.1626543203989663,
    1.0527004102865856,
    1.815034548441569,
    0.6544466018676758,
    0.8106085856755575,
    0.7158941030502319,
    0.9405186971028646,
    0.6328715880711874,
    1.4502314329147339,
    0.6412083506584167,
    0.43893158435821533,
    0.8990774552027384,
    -0.007830758889516195,
    0.15771873792012533,
    0.6247390906016032,
    1.0528269211451213,
    0.32292381922403973,
    -0.20040678977966309,
    -0.4245547254880269
  ]
}