{
  "config": {
    "seeds": [
      42,
      123,
      456
    ],
    "epochs": 30,
    "batch_size": 4,
    "learning_rate": 0.001
  },
  "per_run": [
    {
      "seed": 42,
      "metrics": {
        "sdr": -20.983389168977737,
        "si_sdr": -20.983389168977737,
        "sir": -20.983389168977737,
        "sar": -20.983389168977737
      }
    },
    {
      "seed": 123,
      "metrics": {
        "sdr": -0.3769090764224529,
        "si_sdr": -0.3769090764224529,
        "sir": -0.3769090764224529,
        "sar": -0.3769090764224529
      }
    },
    {
      "seed": 456,
      "metrics": {
        "sdr": -14.476541713252663,
        "si_sdr": -14.476541713252663,
        "sir": -14.476541713252663,
        "sar": -14.476541713252663
      }
    }
  ],
  "summary": {
    "sdr": {
      "mean": -11.94561331955095,
      "std": 10.53380056540627,
      "runs": [
        -20.983389168977737,
        -0.3769090764224529,
        -14.476541713252663
      ]
    },
    "si_sdr": {
      "mean": -11.94561331955095,
      "std": 10.53380056540627,
      "runs": [
        -20.983389168977737,
        -0.3769090764224529,
        -14.476541713252663
      ]
    },
    "sir": {
      "mean": -11.94561331955095,
      "std": 10.53380056540627,
      "runs": [
        -20.983389168977737,
        -0.3769090764224529,
        -14.476541713252663
      ]
    },
    "sar": {
      "mean": -11.94561331955095,
      "std": 10.53380056540627,
      "runs": [
        -20.983389168977737,
        -0.3769090764224529,
        -14.476541713252663
      ]
    }
  }
}