{
  "SDR_drone": -69.19827465057374,
  "SDR_noise": -59.754669189453125,
  "SDR": -64.47647192001342,
  "SI-SDR_drone": -38.81146819114685,
  "SI-SDR_noise": -15.528815078735352,
  "SI-SDR": -27.1701416349411,
  "SIR": -61.69761832309766,
  "SAR": -65.01398805284742,
  "training_losses": [
    9.147681264877319,
    4.948819518089294,
    3.8372888660430906,
    3.193034567832947,
    2.9141424894332886,
    2.4218305587768554,
    2.104970083236694,
    1.902618179321289,
    1.7661860466003418,
    1.4636499691009521,
    1.2321066856384277,
    1.1782182407379151,
    0.9119074726104737,
    0.6204852199554444,
    0.6088941860198974,
    0.35772516250610353,
    0.05282528877258301,
    -0.17396751403808594,
    -0.4838875293731689,
    -0.5295474720001221,
    -0.8577473735809327,
    -0.9688907146453858,
    -1.0508442211151123,
    -1.0454891586303712,
    -1.4669324779510498,
    -1.9534554386138916,
    -1.7162418270111084,
    -2.0520080661773683,
    -1.9371387195587157,
    -2.3645524311065675
  ]
}