{
  "training_losses": {
    "Conv-TasNet": [
      18.81488742828369,
      14.334638166427613,
      13.541629552841187,
      13.230312705039978,
      13.058549678325653,
      12.995426034927368,
      12.799444723129273,
      12.606455174088477,
      12.322350323200226,
      12.354420375823974
    ],
    "Wave-U-Net": [
      15.403049278259278,
      12.926932179927826,
      12.511186981201172,
      12.889803075790406,
      12.403328895568848,
      11.981995391845704,
      12.598560976982117,
      12.12427270412445,
      12.043851482868195,
      11.400508689880372
    ]
  },
  "validation_metrics": [
    {
      "model": "Conv-TasNet",
      "SDR": -60.12303304672241,
      "SI-SDR": -25.158636958152055,
      "SIR": -57.61594371795654,
      "SAR": -61.43163270950318
    },
    {
      "model": "Wave-U-Net",
      "SDR": -20.69673176407814,
      "SI-SDR": -19.700218468904495,
      "SIR": -18.17728807926178,
      "SAR": -21.930433559417725
    }
  ]
}